threshold,recall,precision,f1,alerts_per_1000,tp,fp,fn,fraud_amount_caught_pct,missed_fraud_cost,review_cost_total,expected_cost
0.010000,0.914894,0.741379,0.819048,2.044197,43,15,4,80.878323,1266.530000,290.000000,1556.530000
0.020000,0.914894,0.741379,0.819048,2.044197,43,15,4,80.878323,1266.530000,290.000000,1556.530000
0.030000,0.914894,0.741379,0.819048,2.044197,43,15,4,80.878323,1266.530000,290.000000,1556.530000
0.040000,0.872340,0.872340,0.872340,1.656504,41,6,6,77.296245,1503.790000,235.000000,1738.790000
0.050000,0.872340,0.872340,0.872340,1.656504,41,6,6,77.296245,1503.790000,235.000000,1738.790000
0.060000,0.872340,0.872340,0.872340,1.656504,41,6,6,77.296245,1503.790000,235.000000,1738.790000
0.070000,0.851064,0.869565,0.860215,1.621260,40,6,7,76.838785,1534.090000,230.000000,1764.090000
0.080000,0.851064,0.869565,0.860215,1.621260,40,6,7,76.838785,1534.090000,230.000000,1764.090000
0.090000,0.851064,0.869565,0.860215,1.621260,40,6,7,76.838785,1534.090000,230.000000,1764.090000
0.100000,0.851064,0.888889,0.869565,1.586015,40,5,7,76.838785,1534.090000,225.000000,1759.090000
0.110000,0.851064,0.888889,0.869565,1.586015,40,5,7,76.838785,1534.090000,225.000000,1759.090000
0.120000,0.851064,0.888889,0.869565,1.586015,40,5,7,76.838785,1534.090000,225.000000,1759.090000
0.130000,0.851064,0.888889,0.869565,1.586015,40,5,7,76.838785,1534.090000,225.000000,1759.090000
0.140000,0.851064,0.909091,0.879121,1.550770,40,4,7,76.838785,1534.090000,220.000000,1754.090000
0.150000,0.851064,0.909091,0.879121,1.550770,40,4,7,76.838785,1534.090000,220.000000,1754.090000
0.160000,0.851064,0.909091,0.879121,1.550770,40,4,7,76.838785,1534.090000,220.000000,1754.090000
0.170000,0.851064,0.909091,0.879121,1.550770,40,4,7,76.838785,1534.090000,220.000000,1754.090000
0.180000,0.829787,0.906977,0.866667,1.515525,39,4,8,76.823688,1535.090000,215.000000,1750.090000
0.190000,0.829787,0.906977,0.866667,1.515525,39,4,8,76.823688,1535.090000,215.000000,1750.090000
0.200000,0.829787,0.906977,0.866667,1.515525,39,4,8,76.823688,1535.090000,215.000000,1750.090000
0.210000,0.829787,0.906977,0.866667,1.515525,39,4,8,76.823688,1535.090000,215.000000,1750.090000
0.220000,0.829787,0.906977,0.866667,1.515525,39,4,8,76.823688,1535.090000,215.000000,1750.090000
0.230000,0.829787,0.906977,0.866667,1.515525,39,4,8,76.823688,1535.090000,215.000000,1750.090000
0.240000,0.829787,0.906977,0.866667,1.515525,39,4,8,76.823688,1535.090000,215.000000,1750.090000
0.250000,0.829787,0.906977,0.866667,1.515525,39,4,8,76.823688,1535.090000,215.000000,1750.090000
0.260000,0.829787,0.906977,0.866667,1.515525,39,4,8,76.823688,1535.090000,215.000000,1750.090000
0.270000,0.829787,0.906977,0.866667,1.515525,39,4,8,76.823688,1535.090000,215.000000,1750.090000
0.280000,0.829787,0.906977,0.866667,1.515525,39,4,8,76.823688,1535.090000,215.000000,1750.090000
0.290000,0.829787,0.906977,0.866667,1.515525,39,4,8,76.823688,1535.090000,215.000000,1750.090000
0.300000,0.829787,0.906977,0.866667,1.515525,39,4,8,76.823688,1535.090000,215.000000,1750.090000
0.310000,0.829787,0.906977,0.866667,1.515525,39,4,8,76.823688,1535.090000,215.000000,1750.090000
0.320000,0.829787,0.906977,0.866667,1.515525,39,4,8,76.823688,1535.090000,215.000000,1750.090000
0.330000,0.829787,0.906977,0.866667,1.515525,39,4,8,76.823688,1535.090000,215.000000,1750.090000
0.340000,0.808511,0.950000,0.873563,1.409791,38,2,9,76.807080,1536.190000,200.000000,1736.190000
0.350000,0.808511,0.950000,0.873563,1.409791,38,2,9,76.807080,1536.190000,200.000000,1736.190000
0.360000,0.808511,0.950000,0.873563,1.409791,38,2,9,76.807080,1536.190000,200.000000,1736.190000
0.370000,0.808511,0.950000,0.873563,1.409791,38,2,9,76.807080,1536.190000,200.000000,1736.190000
0.380000,0.808511,0.950000,0.873563,1.409791,38,2,9,76.807080,1536.190000,200.000000,1736.190000
0.390000,0.808511,0.974359,0.883721,1.374546,38,1,9,76.807080,1536.190000,195.000000,1731.190000
0.400000,0.808511,0.974359,0.883721,1.374546,38,1,9,76.807080,1536.190000,195.000000,1731.190000
0.410000,0.808511,0.974359,0.883721,1.374546,38,1,9,76.807080,1536.190000,195.000000,1731.190000
0.420000,0.808511,0.974359,0.883721,1.374546,38,1,9,76.807080,1536.190000,195.000000,1731.190000
0.430000,0.808511,0.974359,0.883721,1.374546,38,1,9,76.807080,1536.190000,195.000000,1731.190000
0.440000,0.808511,0.974359,0.883721,1.374546,38,1,9,76.807080,1536.190000,195.000000,1731.190000
0.450000,0.808511,0.974359,0.883721,1.374546,38,1,9,76.807080,1536.190000,195.000000,1731.190000
0.460000,0.808511,0.974359,0.883721,1.374546,38,1,9,76.807080,1536.190000,195.000000,1731.190000
0.470000,0.808511,0.974359,0.883721,1.374546,38,1,9,76.807080,1536.190000,195.000000,1731.190000
0.480000,0.808511,0.974359,0.883721,1.374546,38,1,9,76.807080,1536.190000,195.000000,1731.190000
0.490000,0.808511,0.974359,0.883721,1.374546,38,1,9,76.807080,1536.190000,195.000000,1731.190000
0.500000,0.808511,0.974359,0.883721,1.374546,38,1,9,76.807080,1536.190000,195.000000,1731.190000
0.510000,0.787234,0.973684,0.870588,1.339301,37,1,10,76.791983,1537.190000,190.000000,1727.190000
0.520000,0.787234,0.973684,0.870588,1.339301,37,1,10,76.791983,1537.190000,190.000000,1727.190000
0.530000,0.787234,0.973684,0.870588,1.339301,37,1,10,76.791983,1537.190000,190.000000,1727.190000
0.540000,0.787234,0.973684,0.870588,1.339301,37,1,10,76.791983,1537.190000,190.000000,1727.190000
0.550000,0.787234,0.973684,0.870588,1.339301,37,1,10,76.791983,1537.190000,190.000000,1727.190000
0.560000,0.787234,0.973684,0.870588,1.339301,37,1,10,76.791983,1537.190000,190.000000,1727.190000
0.570000,0.787234,0.973684,0.870588,1.339301,37,1,10,76.791983,1537.190000,190.000000,1727.190000
0.580000,0.787234,0.973684,0.870588,1.339301,37,1,10,76.791983,1537.190000,190.000000,1727.190000
0.590000,0.787234,0.973684,0.870588,1.339301,37,1,10,76.791983,1537.190000,190.000000,1727.190000
0.600000,0.787234,0.973684,0.870588,1.339301,37,1,10,76.791983,1537.190000,190.000000,1727.190000
0.610000,0.787234,0.973684,0.870588,1.339301,37,1,10,76.791983,1537.190000,190.000000,1727.190000
0.620000,0.787234,0.973684,0.870588,1.339301,37,1,10,76.791983,1537.190000,190.000000,1727.190000
0.630000,0.787234,0.973684,0.870588,1.339301,37,1,10,76.791983,1537.190000,190.000000,1727.190000
0.640000,0.787234,0.973684,0.870588,1.339301,37,1,10,76.791983,1537.190000,190.000000,1727.190000
0.650000,0.787234,0.973684,0.870588,1.339301,37,1,10,76.791983,1537.190000,190.000000,1727.190000
0.660000,0.787234,0.973684,0.870588,1.339301,37,1,10,76.791983,1537.190000,190.000000,1727.190000
0.670000,0.787234,0.973684,0.870588,1.339301,37,1,10,76.791983,1537.190000,190.000000,1727.190000
0.680000,0.787234,0.973684,0.870588,1.339301,37,1,10,76.791983,1537.190000,190.000000,1727.190000
0.690000,0.787234,0.973684,0.870588,1.339301,37,1,10,76.791983,1537.190000,190.000000,1727.190000
0.700000,0.787234,0.973684,0.870588,1.339301,37,1,10,76.791983,1537.190000,190.000000,1727.190000
0.710000,0.787234,0.973684,0.870588,1.339301,37,1,10,76.791983,1537.190000,190.000000,1727.190000
0.720000,0.787234,0.973684,0.870588,1.339301,37,1,10,76.791983,1537.190000,190.000000,1727.190000
0.730000,0.787234,0.973684,0.870588,1.339301,37,1,10,76.791983,1537.190000,190.000000,1727.190000
0.740000,0.787234,0.973684,0.870588,1.339301,37,1,10,76.791983,1537.190000,190.000000,1727.190000
0.750000,0.787234,0.973684,0.870588,1.339301,37,1,10,76.791983,1537.190000,190.000000,1727.190000
0.760000,0.787234,0.973684,0.870588,1.339301,37,1,10,76.791983,1537.190000,190.000000,1727.190000
0.770000,0.787234,0.973684,0.870588,1.339301,37,1,10,76.791983,1537.190000,190.000000,1727.190000
0.780000,0.787234,1.000000,0.880952,1.304057,37,0,10,76.791983,1537.190000,185.000000,1722.190000
0.790000,0.787234,1.000000,0.880952,1.304057,37,0,10,76.791983,1537.190000,185.000000,1722.190000
0.800000,0.787234,1.000000,0.880952,1.304057,37,0,10,76.791983,1537.190000,185.000000,1722.190000
0.810000,0.787234,1.000000,0.880952,1.304057,37,0,10,76.791983,1537.190000,185.000000,1722.190000
0.820000,0.787234,1.000000,0.880952,1.304057,37,0,10,76.791983,1537.190000,185.000000,1722.190000
0.830000,0.787234,1.000000,0.880952,1.304057,37,0,10,76.791983,1537.190000,185.000000,1722.190000
0.840000,0.787234,1.000000,0.880952,1.304057,37,0,10,76.791983,1537.190000,185.000000,1722.190000
0.850000,0.787234,1.000000,0.880952,1.304057,37,0,10,76.791983,1537.190000,185.000000,1722.190000
0.860000,0.787234,1.000000,0.880952,1.304057,37,0,10,76.791983,1537.190000,185.000000,1722.190000
0.870000,0.787234,1.000000,0.880952,1.304057,37,0,10,76.791983,1537.190000,185.000000,1722.190000
0.880000,0.787234,1.000000,0.880952,1.304057,37,0,10,76.791983,1537.190000,185.000000,1722.190000
0.890000,0.787234,1.000000,0.880952,1.304057,37,0,10,76.791983,1537.190000,185.000000,1722.190000
0.900000,0.787234,1.000000,0.880952,1.304057,37,0,10,76.791983,1537.190000,185.000000,1722.190000
0.910000,0.787234,1.000000,0.880952,1.304057,37,0,10,76.791983,1537.190000,185.000000,1722.190000
0.920000,0.787234,1.000000,0.880952,1.304057,37,0,10,76.791983,1537.190000,185.000000,1722.190000
0.930000,0.787234,1.000000,0.880952,1.304057,37,0,10,76.791983,1537.190000,185.000000,1722.190000
0.940000,0.787234,1.000000,0.880952,1.304057,37,0,10,76.791983,1537.190000,185.000000,1722.190000
0.950000,0.787234,1.000000,0.880952,1.304057,37,0,10,76.791983,1537.190000,185.000000,1722.190000
